Actors: Songs Connection,Titania,https://anilist.co/anime/105246/ACTORS-Songs-Connection/,,https://animethemes.moe/video/Actors-OP1.webm
Africa no Salaryman,Soul Flag,https://anilist.co/anime/110867/Africa-no-Salaryman/,,https://animethemes.moe/video/AfricaNoSalaryman-OP1.webm
Ahiru no Sora,Happy Go Ducky!,https://anilist.co/anime/101239/Ahiru-no-Sora/,,https://animethemes.moe/video/AhiruNoSora-OP1.webm
Aikatsu on Parade!,Kimi no Entrance,https://anilist.co/anime/111082/Aikatsu-on-Parade/,,https://animethemes.moe/video/AikatsuOnParade-OP1.webm
Ani ni Tsukeru Kusuri wa Nai 3%Please Take My Brother Away 3,Jinji de Qingchun,https://anilist.co/anime/110088/Ani-ni-Tsukeru-Kusuri-wa-Nai-3/,,https://animethemes.moe/video/AniNiTsukeruS3-OP1.webm
Azur Lane,graphite/diamond,https://anilist.co/anime/104159/Azur-Lane/,,https://animethemes.moe/video/AzurLane-OP1.webm
Boku no Hero Academia 4th Season%My Hero Academia 4th Season,Polaris,https://anilist.co/anime/104276/Boku-no-Hero-Academia-4/,,https://animethemes.moe/video/BokuNoHeroAcademiaS4-OP1.webm
Bokutachi wa Benkyou ga Dekinai!%We Never Learn!,"Can now, Can now",https://anilist.co/anime/110229/Bokutachi-wa-Benkyou-ga-Dekinai-2/,,https://animethemes.moe/video/BokuBenS2-OP1.webm
Choujin Koukousei-tachi wa Isekai demo Yoyuu de Ikinuku desu!%High School Prodigies Have It Easy Even in Another World,Hajimete no Kakumei!,https://anilist.co/anime/108388/Choujin-Koukouseitachi-wa-Isekai-demo-Yoyuu-de-Ikinuku-you-desu/,,https://animethemes.moe/video/Choyoyu-OP1.webm
Chuubyou Gekihatsu Boy%Outburst Dreamer Boys,Chuubyou Gekihatsu Boy,https://anilist.co/anime/109089/Chuubyou-Gekihatsu-Boy/,,https://animethemes.moe/video/ChuubyouGekihatsuBoy-OP1.webm
Fairy Gone 2,STILL STANDING,https://anilist.co/anime/109562/Fairy-Gone-2/,,https://animethemes.moe/video/FairyGoneS2-OP1.webm
Fate/Grand Order: Zettai Majuu Sensen Babylonia%Fate/Grand Order: Absolute Demonic Front - Babylonia,Phantom Joke,https://anilist.co/anime/103275/FateGrand-Order-Zettai-Majuu-Sensen-Babylonia/,,https://animethemes.moe/video/FateGrandOrderBabylonia-OP1.webm
Granblue Fantasy The Animation Season 2,Stay with Me,https://anilist.co/anime/107346/GRANBLUE-FANTASY-The-Animation-Season-2/,,https://animethemes.moe/video/GranblueFantasyS2-OP1.webm
Gundam Build Divers Re:Rise,Re:Rise,https://anilist.co/anime/110786/Gundam-Build-Divers-ReRISE/,,https://animethemes.moe/video/GundamBuildDiversReRise-OP1.webm
Hataage Kemono Michi%Kemono Michi: Rise Up,Fight! Kemona Mask,https://anilist.co/anime/107339/Hataage-Kemono-Michi/,,https://animethemes.moe/video/HataageKemonoMichi-OP1.webm
Honzuki no Gekokujou: Shisho ni Naru Tame ni wa Shudan wo Erandeiraremasen%Ascendance of a Bookworm,Masshiro,https://anilist.co/anime/108268/Honzuki-no-Gekokujou-Shisho-ni-Naru-Tame-ni-wa-Shudan-wo-Erandeiraremasen/,,https://animethemes.moe/video/HonzukiNoGekokujou-OP1.webm
Houkago Saikoro Club%Afterschool Dice Club,Present Moment,https://anilist.co/anime/104115/Houkago-Saikoro-Club/,,https://animethemes.moe/video/HoukagoSaikoroClub-OP1.webm
Kandagawa Jet Girls,BULLET MERMAID,https://anilist.co/anime/110810/Kandagawa-Jet-Girls/,,https://animethemes.moe/video/KandagawaJetGirls-OP1.webm
Keishicho Tokumubu Tokushu Kyoakuhan Taisakushitsu Dainanaka: Tokunana%Special Crime Investigation Unit - Special 7,Take on Fever,https://anilist.co/anime/108554/Keishicho-Tokumubu-Tokushu-Kyoakuhan-TaisakuShitsu-DaiNanaka-Tokunana/,,https://animethemes.moe/video/Tokunana-OP1.webm
Kono Oto Tomare! 2nd Season%Sounds of Life 2nd Season,Harmony,https://anilist.co/anime/108891/Kono-Oto-Tomare-2/,,https://animethemes.moe/video/KonoOtoTomareS2-OP1.webm
"Mairimashita! Iruma-kun%Welcome to Demon School, Iruma-kun!",Magical Babyrinth,https://anilist.co/anime/107693/Mairimashita-Irumakun/,,https://animethemes.moe/video/MairimashitaIrumaKun-OP1.webm
Mono no Kamisama Cocotama,Happy Cocotama Dance!,https://anilist.co/anime/112036/Mono-no-Kamisama-Cocotama/,,https://animethemes.moe/video/MonoNoKamisamaCocotama-OP1.webm
Mugen no Juunin: Immortal%Blade of the Immortal,SURVIVE OF VISION,https://anilist.co/anime/109616/Mugen-no-Juunin-Immortal/,,https://animethemes.moe/video/MugenNoJuunin-OP1.webm
Nanatsu no Taizai: Kamigami no Gekirin%The Seven Deadly Sins: Wrath of the Gods,ROB THE FRONTIER,https://anilist.co/anime/108928/Nanatsu-no-Taizai-Kamigami-no-Gekirin/,,https://animethemes.moe/video/NanatsuNoTaizaiKamigamiNoGekirin-OP1.webm
No Guns Life,Motor City,https://anilist.co/anime/108478/No-Guns-Life/,,https://animethemes.moe/video/NoGunsLife-OP1.webm
Null Peta,#NULL!*Peta,https://anilist.co/anime/110789/Null-Peta/,,https://animethemes.moe/video/NullPeta-OP1.webm
Ore wo Suki nano wa Omae dake ka yo%Are you the only one who loves me?,Papapa,https://anilist.co/anime/104464/Ore-wo-Suki-nano-wa-Omae-dake-ka-yo/,,https://animethemes.moe/video/Oresuki-OP1.webm
Phantasy Star Online 2: Episode Oracle,Destiny,https://anilist.co/anime/108358/Phantasy-Star-Online-2-Episode-Oracle/,,https://animethemes.moe/video/PhantasyStarOnline2EpisodeOracle-OP1.webm
Radiant 2,Naraku,https://anilist.co/anime/108040/Radiant-2/,,https://animethemes.moe/video/RadiantS2-OP1.webm
Rifle is Beautiful!!!!,Let's go! Rifling4!!!!,https://anilist.co/anime/104679/Rifle-Is-Beautiful/,,https://animethemes.moe/video/RifleIsBeautiful-OP1.webm
Shin Chuuka Ichiban%New Cooking Master Boy,Koufukuron,https://anilist.co/anime/107666/Shin-Chuuka-Ichiban/,,https://animethemes.moe/video/ShinChuukaIchiban-OP1.webm
Kono Yuusha ga Ore TUEEE Kuse ni Shinchou Sugiru%Cautious Hero: The Hero Is Overpowered but Overly Cautious,TIT FOR TAT,https://anilist.co/anime/105156/Kono-Yuusha-ga-Ore-TUEEE-Kuse-ni-Shinchou-Sugiru/,,https://animethemes.moe/video/ShinchouYuusha-OP1.webm
Shokugeki no Soma: Shin no Sara%Food Wars: The Fourth Plate,Chronos,https://anilist.co/anime/109963/Shokugeki-no-Souma-Shin-no-Sara/,,https://animethemes.moe/video/ShokugekiNoSoumaShinNoSara-OP1.webm
Sword Art Online: Alicization - War of Underworld,Resolution,https://anilist.co/anime/108759/Sword-Art-Online-Alicization--War-of-Underworld/,,https://animethemes.moe/video/SwordArtOnlineAlicizationS2-OP1.webm
Urashimasakatasen no Nichijou,Calendar Reminder,https://anilist.co/anime/110811/Urashimasakatasen-no-Nichijou/,,https://animethemes.moe/video/UrashimasakatasenNoNichijou-OP1.webm
Val X Love,for...,https://anilist.co/anime/109321/Val-x-Love/,,https://animethemes.moe/video/ValXLove-OP1.webm
"Yuru Yuri,","Yuru Yuri, Tenya Wanya☆",https://anilist.co/anime/102090/Yuru-Yuri/,,https://animethemes.moe/video/YuruYuriTen-OP1.webm
Z/X: Code Reunion,Destiny,https://anilist.co/anime/100246/ZX-Code-Reunion/,,https://animethemes.moe/video/ZXCodeReunion-OP1.webm
Zoids Wild Zero,blue blue blue,https://anilist.co/anime/110788/Zoids-Wild-Zero/,,https://animethemes.moe/video/ZoidsWildZero-OP1.webm
Araburu Kisetsu no Otomedomo-yo%O Maidens in Your Savage Season,Otome-domo yo,https://anilist.co/anime/105932/Araburu-Kisetsu-no-Otomedomo-yo/,,https://animethemes.moe/video/Araoto-OP1.webm
Araburu Kisetsu no Otomedomo-yo%O Maidens in Your Savage Season,Otome-domo yo,https://anilist.co/anime/105932/Araburu-Kisetsu-no-Otomedomo-yo/,1.2,https://animethemes.moe/video/Araoto-OP1v2.webm
Araburu Kisetsu no Otomedomo-yo%O Maidens in Your Savage Season,Otome-domo yo,https://anilist.co/anime/105932/Araburu-Kisetsu-no-Otomedomo-yo/,1.3,https://animethemes.moe/video/Araoto-OP1v3.webm
Arifureta Shokugyou de Sekai Saikyou%From Commonplace to World's Strongest,FLARE,https://anilist.co/anime/100668/Arifureta-Shokugyou-de-Sekai-Saikyou/,,https://animethemes.moe/video/Arifureta-OP1.webm
Arifureta Shokugyou de Sekai Saikyou%From Commonplace to World's Strongest,FLARE,https://anilist.co/anime/100668/Arifureta-Shokugyou-de-Sekai-Saikyou/,1.2,https://animethemes.moe/video/Arifureta-OP1v2.webm
BEM,Uchuu no Kioku,https://anilist.co/anime/107876/BEM/,,https://animethemes.moe/video/Bem-OP1.webm
Cannon Busters,Showdown,https://anilist.co/anime/111131/Cannon-Busters/,,https://animethemes.moe/video/CannonBusters-OP1.webm
Cardfight!! Vanguard: Shinemon-hen,Lead the way,https://anilist.co/anime/111144/Cardfight-Vanguard-Shinemonhen/,,https://animethemes.moe/video/CardfightVanguardShinemonHen-OP1.webm
Cop Craft,Rakuen Toshi,https://anilist.co/anime/106893/Cop-Craft/,,https://animethemes.moe/video/CopCraft-OP1.webm
Dr. STONE,Good Morning World!,https://anilist.co/anime/105333/Dr-STONE/,,https://animethemes.moe/video/DrStone-OP1.webm
Dr. STONE,Sangenshoku,https://anilist.co/anime/105333/Dr-STONE/,2,https://animethemes.moe/video/DrStone-OP2.webm
Dumbbell Nan Kilo Moteru?%How heavy are the dumbbell you lift?,Onegai Muscle,https://anilist.co/anime/107226/Dumbbell-Nan-Kilo-Moteru/,,https://animethemes.moe/video/DumbbellNanKiloMoteru-OP1.webm
Dungeon ni Deai wo Motomeru no wa Machigatteiru Darou ka II%DANMACHI: Is It Wrong to Try to Pick Up Girls in a Dungeon II,HELLO to DREAM,https://anilist.co/anime/101167/Dungeon-ni-Deai-wo-Motomeru-no-wa-Machigatteiru-Darou-ka-II/,,https://animethemes.moe/video/DanMachiS2-OP1.webm
Enen no Shouboutai%Fire Force,Inferno,https://anilist.co/anime/105310/Enen-no-Shouboutai/,,https://animethemes.moe/video/EnenNoShouboutai-OP1.webm
Ensemble Stars,Stars' Ensemble!,https://anilist.co/anime/21512/Ensemble-Stars/,,https://animethemes.moe/video/EnsembleStars-OP1.webm
Ensemble Stars,Kiseki,https://anilist.co/anime/21512/Ensemble-Stars/,2,https://animethemes.moe/video/EnsembleStars-OP2.webm
Given,Kizuato,https://anilist.co/anime/108430/Given/,,https://animethemes.moe/video/Given-OP1.webm
Given,Kizuato,https://anilist.co/anime/108430/Given/,1.2,https://animethemes.moe/video/Given-OP1v2.webm
Granbelm,Tsuki wo Ou Mayonaka,https://anilist.co/anime/108147/Granbelm/,,https://animethemes.moe/video/Granbelm-OP1.webm
Hakata Mentai Pirikarako-chan,Hakata Mentai! Pirikarako-chan,https://anilist.co/anime/109929/Hakata-Mentai-Pirikarakochan-/,,https://animethemes.moe/video/PirikarakoChan-OP1.webm
Isekai Cheat Magician,PANTA RHEI,https://anilist.co/anime/101547/Isekai-Cheat-Magician/,,https://animethemes.moe/video/IsekaiCheatMagician-OP1.webm
SD Gundam World: Sangoku Souketsuden,Removes,https://anilist.co/anime/108041/SD-Gundam-World-Sangoku-Soketsuden/,,https://animethemes.moe/video/SDGundamWorld-OP1.webm
Mix,VS,https://anilist.co/anime/103555/Mix/,2,https://animethemes.moe/video/Mix-OP2.webm
Mix,Equal,https://anilist.co/anime/103555/Mix/,,https://animethemes.moe/video/Mix-OP1.webm
Naka no Hito Genome [Jikkyouchuu]%The Ones Within,not GAME,https://anilist.co/anime/102926/Naka-no-Hito-Genome-Jikkyouchuu/,,https://animethemes.moe/video/NakanohitoGenome-OP1.webm
Naka no Hito Genome [Jikkyouchuu]%The Ones Within,not GAME,https://anilist.co/anime/102926/Naka-no-Hito-Genome-Jikkyouchuu/,1.2,https://animethemes.moe/video/NakanohitoGenome-OP1v2.webm
Knights of the Zodiac: Saint Seiya,PEGASUS SEIYA,https://anilist.co/anime/102427/Knights-of-the-Zodiac-Seitoushi-Seiya-Kari/,,https://animethemes.moe/video/SaintSeiya2019-OP1.webm
Kengan Ashura,KING & ASHLEY,https://anilist.co/anime/100891/Kengan-Ashura/,,https://animethemes.moe/video/KenganAshura-OP1.webm
Tsuujou Kougeki ga Zentai Kougeki de Ni-kai Kougeki no Okaasan wa Suki Desu ka%Do You Like Your Mom? Her Normal Attack is Two Attacks at Full Power,"Iyayo Iyayo mo Suki no Uchi!
",https://anilist.co/anime/104723/Tsuujou-Kougeki-ga-Zentai-Kougeki-de-Nikai-Kougeki-no-Okaasan-wa-Suki-desu-ka/,,https://animethemes.moe/video/OkaaSanOnline-OP1.webm
Kidou Senshi Gundam: The Origin - Zenya Akai Suisei%Mobile Suit Gundam: The Origin - Advent of the Red Comet,Sora no Uta ~Higher and Higher~,https://anilist.co/anime/108039/Kidou-Senshi-Gundam-The-Origin--Zenya-Akai-Suisei/,,https://animethemes.moe/video/GundamTheOriginTV-OP1.webm
Kidou Senshi Gundam: The Origin - Zenya Akai Suisei%Mobile Suit Gundam: The Origin - Advent of the Red Comet,Hisoubi,https://anilist.co/anime/108039/Kidou-Senshi-Gundam-The-Origin--Zenya-Akai-Suisei/,2,https://animethemes.moe/video/GundamTheOriginTV-OP2.webm
Kidou Senshi Gundam: The Origin - Zenya Akai Suisei%Mobile Suit Gundam: The Origin - Advent of the Red Comet,BEYOND THE TIME (Mobius no Sora wo Koete),https://anilist.co/anime/108039/Kidou-Senshi-Gundam-The-Origin--Zenya-Akai-Suisei/,3,https://animethemes.moe/video/GundamTheOriginTV-OP3.webm
Mugyutto! Black Clover%Squishy! Black Clover,Possible,https://anilist.co/anime/110318/Mugyutto-Black-Clover/,,https://www.reddit.com/r/BlackClover/comments/ei82zk/squishy_black_clover_anime_spinoff_opening/
Black Clover,Rakugaki Page,https://anilist.co/anime/97940/Black-Clover/,6,https://animethemes.moe/video/BlackClover-OP6.webm
Black Clover,JUSTadICE,https://anilist.co/anime/97940/Black-Clover/,7.1,https://animethemes.moe/video/BlackClover-OP7.webm
Black Clover,JUSTadICE,https://anilist.co/anime/97940/Black-Clover/,7.2,https://animethemes.moe/video/BlackClover-OP7v2.webm
Black Clover,JUSTadICE,https://anilist.co/anime/97940/Black-Clover/,7.3,https://animethemes.moe/video/BlackClover-OP7v3.webm
Black Clover,sky & blue,https://anilist.co/anime/97940/Black-Clover/,8,https://animethemes.moe/video/BlackClover-OP8.webm
Black Clover,RiGHT NOW,https://anilist.co/anime/97940/Black-Clover/,9,https://animethemes.moe/video/BlackClover-OP9.webm
Kanata no Astra%Astra Lost in Space,star*frost,https://anilist.co/anime/107663/Kanata-no-Astra/,,https://animethemes.moe/video/KanataNoAstra-OP1.webm
Kanata no Astra%Astra Lost in Space,star*frost,https://anilist.co/anime/107663/Kanata-no-Astra/,1.2,https://animethemes.moe/video/KanataNoAstra-OP1v2.webm
Kanata no Astra%Astra Lost in Space,star*frost,https://anilist.co/anime/107663/Kanata-no-Astra/,1.3,https://animethemes.moe/video/KanataNoAstra-OP1v3.webm
Kanata no Astra%Astra Lost in Space,star*frost,https://anilist.co/anime/107663/Kanata-no-Astra/,1.4,https://animethemes.moe/video/KanataNoAstra-OP1v4.webm
Senki Zesshou Symphogear XV,METANOIA,https://anilist.co/anime/21673/Senki-Zesshou-Symphogear-XV/,,https://animethemes.moe/video/SymphogearS5-OP1.webm
Starmyu 3rd Season%High School Star Musical 3rd Season,DREAM TOGETHER!!!,https://anilist.co/anime/100280/Star-Mu-3/,,https://animethemes.moe/video/StarmyuS3-OP1.webm
Try Knights,Mugen no Try,https://anilist.co/anime/108444/Try-Knights/,,https://animethemes.moe/video/TryKnights-OP1.webm
Fairy Tail: Final Season,DOWN BY LAW,https://anilist.co/anime/99749/Fairy-Tail-2018/,2,https://animethemes.moe/video/FairyTail2018-OP2.webm
Fairy Tail: Final Season,NO-LIMIT,https://anilist.co/anime/99749/Fairy-Tail-2018/,3,https://animethemes.moe/video/FairyTail2018-OP3.webm
Fairy Tail: Final Season,MORE THAN LiKE,https://anilist.co/anime/99749/Fairy-Tail-2018/,4,https://animethemes.moe/video/FairyTail2018-OP4.webm
Joshikousei no Mudazukai%Wasteful Days of High School Girl,Rin! Moon! dass! cry!,https://anilist.co/anime/105081/Joshikousei-no-Mudazukai/,,https://animethemes.moe/video/JoshikouseiNoMudazukai-OP1.webm
Vinland Saga,MUKANJYO,https://anilist.co/anime/101348/Vinland-Saga/,,https://animethemes.moe/video/VinlandSaga-OP1.webm
Vinland Saga,Dark Crow,https://anilist.co/anime/101348/Vinland-Saga/,2,https://animethemes.moe/video/VinlandSaga-OP2.webm
"Maou-sama, Retry!%Demon Lord, Retry!",TEMPEST,https://anilist.co/anime/104252/Maousama-Retry/,,https://animethemes.moe/video/MaouSamaRetry-OP1.webm
7 Seeds,Ark,https://anilist.co/anime/105807/7SEEDS/,,https://animethemes.moe/video/7Seeds-OP1.webm
Kochouki: Wakaki Nobunaga%Gorgeous Butterfly: Young Nobunaga,Shissou,https://anilist.co/anime/106894/Kochoki-Wakaki-Nobunaga/,,https://animethemes.moe/video/Kochouki-OP1.webm
Katsute Kami Datta Kemono-tachi e%To The Abandoned Sacred Beasts,Sacrifice,https://anilist.co/anime/107672/Katsute-Kami-Datta-Kemonotachi-e/,,https://animethemes.moe/video/Katsukami-OP1.webm
Toaru Kagaku no Accelerator%A Certain Scientific Accelerator,Shadow is the Light,https://anilist.co/anime/104463/Toaru-Kagaku-no-Accelerator/,,https://animethemes.moe/video/ToaruKagakuNoAccelerator-OP1.webm
Toaru Kagaku no Accelerator%A Certain Scientific Accelerator,Shadow is the Light,https://anilist.co/anime/104463/Toaru-Kagaku-no-Accelerator/,1.2,https://animethemes.moe/video/ToaruKagakuNoAccelerator-OP1v2.webm
Toaru Kagaku no Accelerator%A Certain Scientific Accelerator,Shadow is the Light,https://anilist.co/anime/104463/Toaru-Kagaku-no-Accelerator/,1.3,https://animethemes.moe/video/ToaruKagakuNoAccelerator-OP1v3.webm
Toaru Kagaku no Accelerator%A Certain Scientific Accelerator,Shadow is the Light,https://anilist.co/anime/104463/Toaru-Kagaku-no-Accelerator/,1.4,https://files.catbox.moe/7ge8bm.webm
Re:Stage! Dream Days♪,Brilliant Wings,https://anilist.co/anime/103048/ReStage-Dream-Days/,,https://animethemes.moe/video/ReStageDreamDays-OP1.webm
Re:Stage! Dream Days♪,"Don't think, Smile!!",https://anilist.co/anime/103048/ReStage-Dream-Days/,2,https://animethemes.moe/video/ReStageDreamDays-OP2.webm
Re:Stage! Dream Days♪,"Yes, We Are!!!",https://anilist.co/anime/103048/ReStage-Dream-Days/,3,https://animethemes.moe/video/ReStageDreamDays-OP3.webm
Sounan Desu ka?%Are You Lost?,Koko wa Doko,https://anilist.co/anime/108111/Sounan-desu-ka/,,https://animethemes.moe/video/SounanDesuKa-OP1.webm
"Kawaikereba Hentai demo Suki ni Natte Kuremasu ka%Hensuki: Are you willing to fall in love with a pervert, as long as she's a cutie?",Daisuki,https://anilist.co/anime/107961/Kawaikereba-Hentai-demo-Suki-ni-Natte-Kuremasu-ka/,,https://animethemes.moe/video/Hensuki-OP1.webm
Machikado Mazoku%The Demon Girl Next Door,"Machikado Tangent
",https://anilist.co/anime/107490/Machikado-Mazoku/,,https://animethemes.moe/video/MachikadoMazoku-OP1.webm
Carole & Tuesday,Kiss Me,https://anilist.co/anime/101281/Carole--Tuesday/,,https://animethemes.moe/video/CaroleAndTuesday-OP1.webm
Carole & Tuesday,Polly Jean,https://anilist.co/anime/101281/Carole--Tuesday/,2,https://animethemes.moe/video/CaroleAndTuesday-OP2.webm
"Kono Yo no Hate de Koi o Utau Shoujo YU-NO%YU-NO: A girl who chants love at the bound of this world.
",Kono Yo no Hate de Koi wo Utau Shoujo,https://anilist.co/anime/97995/Kono-Yo-no-Hate-de-Koi-o-Utau-Shoujo-YUNO/,,https://animethemes.moe/video/Yuno-OP1.webm
"Kono Yo no Hate de Koi o Utau Shoujo YU-NO%YU-NO: A girl who chants love at the bound of this world.
",Kono Yo no Hate de Koi wo Utau Shoujo,https://anilist.co/anime/97995/Kono-Yo-no-Hate-de-Koi-o-Utau-Shoujo-YUNO/,1.2,https://animethemes.moe/video/Yuno-OP1v2.webm
"Kono Yo no Hate de Koi o Utau Shoujo YU-NO%YU-NO: A girl who chants love at the bound of this world.
",MOTHER,https://anilist.co/anime/97995/Kono-Yo-no-Hate-de-Koi-o-Utau-Shoujo-YUNO/,2.1,https://animethemes.moe/video/Yuno-OP2.webm
"Kono Yo no Hate de Koi o Utau Shoujo YU-NO%YU-NO: A girl who chants love at the bound of this world.
",MOTHER,https://anilist.co/anime/97995/Kono-Yo-no-Hate-de-Koi-o-Utau-Shoujo-YUNO/,2.2,https://animethemes.moe/video/Yuno-OP2v2.webm
Fruits Basket (2019),Again,https://anilist.co/anime/105334/Fruits-Basket-2019/,,https://animethemes.moe/video/FruitsBasket2019-OP1.webm
Fruits Basket (2019),Chime,https://anilist.co/anime/105334/Fruits-Basket-2019/,2,https://animethemes.moe/video/FruitsBasket2019-OP2.webm
"Uchi no Ko no Tame Naraba, Ore wa Moshikashitara Maou mo Taoseru kamo Shirenai.%If It's for My Daughter, I'd Even Defeat a Demon Lord.",I'm with you,https://anilist.co/anime/107956/Uchi-no-Ko-no-Tame-Naraba-Ore-wa-Moshikashitara-Maou-mo-Taoseru-Kamo-Shirenai/,,https://animethemes.moe/video/Uchinoko-OP1.webm
Karakai Jouzu no Takagi-san 2%Skilled Teaser Takagi-san 2,Zero Centimeter,https://anilist.co/anime/107068/Karakai-Jouzu-no-Takagisan-2/,,https://animethemes.moe/video/Takagi3S2-OP1.webm
One Piece,OVER THE TOP,https://anilist.co/anime/21/One-Piece/,22,https://animethemes.moe/video/OnePiece-OP22.webm
Tejina-senpai,FANTASTIC ILLUSION,https://anilist.co/anime/105074/Tejina-Senpai/,,https://animethemes.moe/video/TejinaSenpai-OP1.webm
"Lord El-Melloi II Sei no Jikenbo: Rail Zeppelin Grace Note%Lord El-Melloi II Case Files: Rail Zeppelin Grace Note
",starting the case: Rail Zeppelin,https://anilist.co/anime/106918/Lord-ElMelloi-IIsei-no-Jikenbo-Rail-Zeppelin-Grace-note/,,https://animethemes.moe/video/ElMelloi-OP1.webm
Boruto: Naruto Next Generations,Golden Time,https://anilist.co/anime/97938/Boruto-Naruto-Next-Generations/,5,https://animethemes.moe/video/Boruto-OP5.webm
Boruto: Naruto Next Generations,Teenage Dream,https://anilist.co/anime/97938/Boruto-Naruto-Next-Generations/,6,https://animethemes.moe/video/Boruto-OP6.webm
Shoumetsu Toshi%Afterlost,Kotae,https://anilist.co/anime/101814/Shoumetsu-Toshi/,,https://animethemes.moe/video/ShoumetsuToshi-OP1.webm
Kimetsu no Yaiba%Demon Slayer,Gurenge,https://anilist.co/anime/101922/Kimetsu-no-Yaiba/,,https://animethemes.moe/video/KimetsuNoYaiba-OP1.webm
Kimetsu no Yaiba%Demon Slayer,Gurenge,https://anilist.co/anime/101922/Kimetsu-no-Yaiba/,1.2,https://animethemes.moe/video/KimetsuNoYaiba-OP1v2.webm
Kimetsu no Yaiba%Demon Slayer,Gurenge,https://anilist.co/anime/101922/Kimetsu-no-Yaiba/,1.3,https://animethemes.moe/video/KimetsuNoYaiba-OP1v3.webm
Kimetsu no Yaiba%Demon Slayer,Gurenge,https://anilist.co/anime/101922/Kimetsu-no-Yaiba/,1.4,https://animethemes.moe/video/KimetsuNoYaiba-OP1v4.webm
Karakuri Circus,Haguruma,https://anilist.co/anime/101336/Karakuri-Circus/,2,https://animethemes.moe/video/KarakuriCircus-OP2.webm
Karakuri Circus,Over me,https://anilist.co/anime/101336/Karakuri-Circus/,3,https://animethemes.moe/video/KarakuriCircus-OP3.webm
Midara na Ao-chan wa Benkyou ga Dekinai%Ao-chan Can't Study,WONDERFUL WONDER,https://anilist.co/anime/105989/Midara-na-Aochan-wa-Benkyou-ga-Dekinai/,,https://animethemes.moe/video/MidaraNaAoChanWaBenkyouGaDekinai-OP1.webm
Pikachin-Kit,bring back,https://anilist.co/anime/100910/PikachinKit/,2,
Senryuu Shoujo%Senryuu Girl,Kotonoha no Omoi,https://anilist.co/anime/106051/Senryuu-Shoujo/,,https://animethemes.moe/video/SenryuuShoujo-OP1.webm
RobiHachi,Tensai no Playlist,https://anilist.co/anime/105928/RobiHachi/,,https://animethemes.moe/video/RobiHachi-OP1.webm
Bakumatsu: Crisis,Brave Rejection,https://anilist.co/anime/106568/BAKUMATSU-Crisis/,,https://animethemes.moe/video/BakumatsuS2-OP1.webm
JoJo no Kimyou na Bouken Part 5: Ougon no Kaze%JoJo's Bizzare Adventure Part 5: Golden Wind,Uragirimono no Requiem,https://anilist.co/anime/102883/JoJo-no-Kimyou-na-Bouken-Ougon-no-Kaze/,2,https://animethemes.moe/video/JojoNoKimyouNaBoukenS5-OP2.webm
JoJo no Kimyou na Bouken Part 5: Ougon no Kaze%JoJo's Bizzare Adventure Part 5: Golden Wind,Uragirimono no Requiem,https://anilist.co/anime/102883/JoJo-no-Kimyou-na-Bouken-Ougon-no-Kaze/,2.2,https://animethemes.moe/video/JojoNoKimyouNaBoukenS5-OP2v2.webm
JoJo no Kimyou na Bouken Part 5: Ougon no Kaze%JoJo's Bizzare Adventure Part 5: Golden Wind,Uragirimono no Requiem,https://anilist.co/anime/102883/JoJo-no-Kimyou-na-Bouken-Ougon-no-Kaze/,2.3,https://animethemes.moe/video/JojoNoKimyouNaBoukenS5-OP2v3.webm
JoJo no Kimyou na Bouken Part 5: Ougon no Kaze%JoJo's Bizzare Adventure Part 5: Golden Wind,Uragirimono no Requiem,https://anilist.co/anime/102883/JoJo-no-Kimyou-na-Bouken-Ougon-no-Kaze/,2.4,https://animethemes.moe/video/JojoNoKimyouNaBoukenS5-OP2v4.webm
Cardfight!! Vanguard: Zoku Koukousei-hen,Invincible Fighter,https://anilist.co/anime/109260/Cardfight-Vanguard-Zoku-Koukouseihen/,,https://animethemes.moe/video/CardfightVanguardZokuKoukouseiHen-OP1.webm
Yu-Gi-Oh! VRAINS,calling,https://anilist.co/anime/98231/YuGiOh-VRAINS/,3,https://animethemes.moe/video/YGOVRAINS-OP3.webm
Detective Conan,ANSWER,https://anilist.co/anime/235/Meitantei-Conan/,50,https://animethemes.moe/video/DetectiveConan-OP50.webm
Pop Team Epic Special,Last Sparkle,https://anilist.co/anime/104200/Poputepipikku-TV-Special/,,https://animethemes.moe/video/PopTeamEpicSpecial-OP1.webm
Pop Team Epic Special,"Pretty candle star
",https://anilist.co/anime/104200/Poputepipikku-TV-Special/,2,https://animethemes.moe/video/PopTeamEpicSpecial-OP2.webm
"Hangyakusei Million Arthur 2nd Season
",OPEN THE WORLDS,https://anilist.co/anime/104071/Hangyakusei-Million-Arthur-2/,,https://animethemes.moe/video/HangyakuseiMillionArthurS2-OP1.webm
Diamond no Ace: Act II,Hajimari no Uta,https://anilist.co/anime/105749/Diamond-no-Ace-Act-II/,,https://animethemes.moe/video/DiamondNoAceActII-OP1.webm
Bungou Stray Dogs 3rd Season,Setsuna no Ai,https://anilist.co/anime/103223/Bungou-Stray-Dogs-3/,,https://animethemes.moe/video/BungouStrayDogsS3-OP1-BD1080.webm
Bungou Stray Dogs 3rd Season,Setsuna no Ai,https://anilist.co/anime/103223/Bungou-Stray-Dogs-3/,1.2,https://animethemes.moe/video/BungouStrayDogsS3-OP1v2-BD1080.webm
Inazuma Eleven: Orion no Kokuin,Chikyuu wo Kick!,https://anilist.co/anime/104077/Inazuma-Eleven-Orion-no-Kokuin/,2,https://animethemes.moe/video/InazumaElevenOrionNoKokuin-OP2.webm
"Nande Koko ni Sensei ga?%Why the hell are you here, Teacher!?
",Bon♡Kyuu♡Bon wa Kare no Mono♡,https://anilist.co/anime/104325/Nande-Koko-ni-Sensei-ga/,,https://animethemes.moe/video/NandeKokoNiSenseiGa-OP1.webm
"Nande Koko ni Sensei ga?%Why the hell are you here, Teacher!?
",Bon♡Kyuu♡Bon wa Kare no Mono♡,https://anilist.co/anime/104325/Nande-Koko-ni-Sensei-ga/,1.2,https://animethemes.moe/video/NandeKokoNiSenseiGa-OP1v2.webm
"Nande Koko ni Sensei ga?%Why the hell are you here, Teacher!?
",Bon♡Kyuu♡Bon wa Kare no Mono♡,https://anilist.co/anime/104325/Nande-Koko-ni-Sensei-ga/,1.3,https://animethemes.moe/video/NandeKokoNiSenseiGa-OP1v3.webm
"Nande Koko ni Sensei ga?%Why the hell are you here, Teacher!?
",Bon♡Kyuu♡Bon wa Kare no Mono♡,https://anilist.co/anime/104325/Nande-Koko-ni-Sensei-ga/,1.4,https://animethemes.moe/video/NandeKokoNiSenseiGa-OP1v4.webm
Namu Amida Butsu!: Rendai Utena,Sorauta,https://anilist.co/anime/104212/Namu-Amida-Butsu-Rendai-UTENA/,,https://animethemes.moe/video/NamuAmidaButsu-OP1.webm
"Strike Witches: 501 Butai Hasshin Shimasu!%Strike Witches: 501st Joint Fighter Wing Take Off!
",Sora ga Yobu Hou e,https://anilist.co/anime/104378/Strike-Witches-501-Butai-Hasshin-Shimasu/,,https://animethemes.moe/video/StrikeWitches501ButaiHasshinshimasu-OP1-NCBD1080.webm
Fairy Gone ,KNOCK on the CORE,https://anilist.co/anime/107418/Fairy-Gone/,,https://animethemes.moe/video/FairyGone-OP1.webm
Kedama no Gonjirou,Let's Gonjirou!,https://anilist.co/anime/108734/Kedama-no-Gonjirou/,,https://animethemes.moe/video/KedamaNoGonjirou-OP1.webm
Mayonaka no Occult Koumuin%Midnight Occult Civil Servants,dis-communicate,https://anilist.co/anime/102939/Mayonaka-no-Occult-Koumuin/,,https://animethemes.moe/video/MayonakaNoOccultKoumuin-OP1.webm
Sarazanmai,"Massara
",https://anilist.co/anime/101261/Sarazanmai/,,https://animethemes.moe/video/Sarazanmai-OP1.webm
Sarazanmai,"Massara
",https://anilist.co/anime/101261/Sarazanmai/,1.2,https://animethemes.moe/video/Sarazanmai-OP1v2.webm
Kono Oto Tomare!%Sounds of Life,Tone,https://anilist.co/anime/103302/Kono-Oto-Tomare/,,https://animethemes.moe/video/KonoOtoTomare-OP1.webm
Hitoribocchi no Marumaru Seikatsu,Hitoribocchi no Monologue,https://anilist.co/anime/101386/Hitoribocchi-no-Marumaru-Seikatsu/,,https://animethemes.moe/video/HitoribocchiNoMarumaruSeikatsu-OP1-NCBD1080.webm
Bokutachi wa Benkyou ga Dekinai%We Never Learn,Seishun Seminar,https://anilist.co/anime/103900/Bokutachi-wa-Benkyou-ga-Dekinai/,,https://animethemes.moe/video/BokuBen-OP1-NCBD1080.webm
Duel Masters!,Chouten Fever!,https://anilist.co/anime/113242/Duel-Masters/,,https://animethemes.moe/video/DuelMasters2019-OP1.webm
Duel Masters!,Gotcha!!,https://anilist.co/anime/113242/Duel-Masters/,2,https://animethemes.moe/video/DuelMasters2019-OP2.webm
Aikatsu Friends! Kagayaki no Jewel,Hitori ja Nai!,https://anilist.co/anime/107447/Aikatsu-Friends-Kagayaki-no-Jewel/,,https://animethemes.moe/video/AikatsuFriendsKagayakiNoJewel-OP1.webm
Dororo,Kaen,https://anilist.co/anime/101347/Dororo/,,https://animethemes.moe/video/Dororo2019-OP1.webm
Dororo,Dororo,https://anilist.co/anime/101347/Dororo/,2,https://animethemes.moe/video/Dororo2019-OP2.webm
Youkai Watch!,"Kerakeraho no Uta
",https://anilist.co/anime/108767/Youkai-Watch/,,https://animethemes.moe/video/YoukaiWatch2019-OP1.webm
Hachigatsu no Cinderella Nine,Etude,https://anilist.co/anime/104989/Hachigatsu-no-Cinderella-Nine-/,,https://animethemes.moe/video/Hachinai-OP1.webm
Hachigatsu no Cinderella Nine,Etude,https://anilist.co/anime/104989/Hachigatsu-no-Cinderella-Nine-/,1.2,https://animethemes.moe/video/Hachinai-OP1v2.webm
Kiratto Pri☆chan 2nd Season,Diamond Smile,https://anilist.co/anime/108625/Kiratto-PriChan-Season-2/,,https://animethemes.moe/video/KirattoPriChanS2-OP1.webm
Kiratto Pri☆chan 2nd Season,Kiralist Jewelist,https://anilist.co/anime/108625/Kiratto-PriChan-Season-2/,2,https://animethemes.moe/video/KirattoPriChanS2-OP2.webm
Bakugan Battle Planet,"Jounetsu Jamboree
",https://anilist.co/anime/108852/Bakugan-Battle-Planet/,,"https://animethemes.moe/video/BakuganBattlePlanet-OP1.webm
"
Shounen Ashibe: Go! Go! Goma-chan 4,Smile! Smile! Smile!,https://anilist.co/anime/108811/Shounen-Ashibe-Go-Go-Gomachan-4/,,
Beyblade Burst Gachi,GATTI'N'ROLL,https://anilist.co/anime/108853/Beyblade-Burst-Gachi/,,https://www.youtube.com/watch?v=k9LAWayNkAA
One Punch Man 2,Seijaku no Apostle,https://anilist.co/anime/97668/One-Punch-Man-2/,,https://animethemes.moe/video/OnePunchManS2-OP1.webm
Choukadou Girl ⅙%Amazing Stranger,Soreyuke! Koigokoro,https://anilist.co/anime/104284/Chou-Kadou-Girl-16/,,https://animethemes.moe/video/ChouKadouGirl-OP1-NCBD1080.webm
Kenja no Mago%Wise Man's Grandchild,Ultimate⭐MAGIC,https://anilist.co/anime/100112/Kenja-no-Mago/,,https://animethemes.moe/video/KenjaNoMago-OP1-NCBD1080.webm
Doraemon (2005),Doraemon no Uta 40th,https://anilist.co/anime/8687/Doraemon-2005/,4,https://www.youtube.com/watch?v=Le1oN1lezuc
Shingeki no Kyojin Season 3 Part 2%Attack on Titan Season 3 Part 2,Shoukei to Shikabane no Michi,https://anilist.co/anime/104578/Shingeki-no-Kyojin-3-Part-2/,,https://animethemes.moe/video/ShingekiNoKyojinS3Part2-OP1-NCBD1080.webm
Nobunaga-sensei no Osanazuma%Mr. Nobunaga's Young Bride,"Koiseyo Minna, Hai!",https://anilist.co/anime/106239/Nobunagasensei-no-Osanazuma/,,https://animethemes.moe/video/NobunagaSenseiNoOsanazuma-OP1-NCBD1080.webm
Sewayaki Kitsune Senko-san%The Helpful Fox Senko-san,Koyoi mofumofu!!,https://anilist.co/anime/105914/Sewayaki-Kitsune-no-Senkosan/,,https://animethemes.moe/video/SewayakiKitsuneNoSenkoSan-OP1-NCBD1080.webm
Chibi Maruko-chan (1995),Odoru Ponpokorin,https://anilist.co/anime/6149/Chibi-Marukochan-1995/,10,
KING OF PRISM: Shiny Seven Stars,Shiny Seven Stars!,https://anilist.co/anime/103870/KING-OF-PRISM-Shiny-Seven-Stars/,,https://animethemes.moe/video/KingOfPrism-OP1.webm
Isekai Quartet,Isekai Quartet,https://anilist.co/anime/104454/Isekai-Quartet/,,https://animethemes.moe/video/IsekaiQuartet-OP1-NCBD1080.webm
Shimajirou no Wow!,Sekai wa Wow!,https://anilist.co/anime/18941/Shimajirou-no-Wow/,3,https://www.youtube.com/watch?v=-daKhV-qCPE
Gunjou no Magmell%Magmel of the Sea Blue,Dash&Daaash!!,https://anilist.co/anime/101597/Gunjou-no-Magmel/,,https://animethemes.moe/video/GunjouNoMagmel-OP1.webm
Zoids Wild,"Kettou
",https://anilist.co/anime/101228/Zoids-Wild/,4,https://animethemes.moe/video/ZoidsWild-OP4.webm
Zoids Wild,Sky Flight,https://anilist.co/anime/101228/Zoids-Wild/,3,https://animethemes.moe/video/ZoidsWild-OP3.webm
Tate no Yuusha no Nariagari%The Rising of the Shield Hero,RISE,https://anilist.co/anime/99263/Tate-no-Yuusha-no-Nariagari/,,https://animethemes.moe/video/ShieldHero-OP1-NCBD1080.webm
Tate no Yuusha no Nariagari%The Rising of the Shield Hero,FAITH,https://anilist.co/anime/99263/Tate-no-Yuusha-no-Nariagari/,2,https://animethemes.moe/video/ShieldHero-OP2-NCBD1080.webm
Detective Conan,Bara-iro no Jinsei,https://anilist.co/anime/235/Meitantei-Conan/,49,https://animethemes.moe/video/DetectiveConan-OP49.webm
"Mahou Shoujo Tokushusen Asuka%Magical Girl Spec-Ops Asuka
",KODO,https://anilist.co/anime/103222/Mahou-Shoujo-Tokushusen-Asuka/,,https://animethemes.moe/video/MahouShoujoTokushusenAsuka-OP1-NCBD1080.webm
Egao no Daika%The Cost of Smiles,Egao no Kanata,https://anilist.co/anime/104674/Egao-no-Daika/,,https://animethemes.moe/video/EgaoNoDaika-OP1-NCBD1080.webm
Revisions,Wagamama de Gomakasanai de,https://anilist.co/anime/102835/Revisions/,,https://animethemes.moe/video/Revisions-OP1.webm
Revisions,Wagamama de Gomakasanai de,https://anilist.co/anime/102835/Revisions/,1.2,https://animethemes.moe/video/Revisions-OP1v2.webm
Toaru Majutsu no Index III%A Certain Magical Index III,ROAR,https://anilist.co/anime/100185/Toaru-Majutsu-no-Index-III/,2,https://animethemes.moe/video/ToaruMajutsuNoIndexS3-OP2-NCBD1080.webm
Fight League: Gear Gadget Generators,Winners,https://anilist.co/anime/106508/Fight-League-Gear-Gadget-Generators/,,https://animethemes.moe/video/FightLeague-OP1.webm
Mob Psycho 100 II,99.9,https://anilist.co/anime/101338/Mob-Psycho-100-II/,,https://animethemes.moe/video/MobPsycho100S2-OP1-BD1080.webm
Yakusoku no Neverland%The Promised Neverland,Touch Off,https://anilist.co/anime/101759/Yakusoku-no-Neverland/,,https://animethemes.moe/video/YakusokuNoNeverland-OP1-NCBD1080.webm
B-Project: Zecchou*Emotion,Zecchou*Emotion,https://anilist.co/anime/100186/BPROJECT-ZecchouEmotion/,,https://animethemes.moe/video/BProjectS2-OP1.webm
3D Kanojo: Real Girl 2nd Season,Futari nara,https://anilist.co/anime/102882/3D-Kanojo-Real-Girl-2/,,https://animethemes.moe/video/3DKanojoS2-OP1-NCBD1080.webm
Kiratto Pri☆chan,"never-ending!!
",https://anilist.co/anime/101097/Kiratto-PriChan/,3,https://animethemes.moe/video/KirattoPriChan-OP3.webm
Kakeguruixx,Kono Yubi Tomare,https://anilist.co/anime/100876/Kakegurui-/,,https://animethemes.moe/video/KakeguruiS2-OP1-NCBD1080.webm
Circlet Princess,HEAT:Moment,https://anilist.co/anime/104008/Circlet-Princess/,,https://animethemes.moe/video/CircletPrincess-OP1.webm
Circlet Princess,HEAT:Moment,https://anilist.co/anime/104008/Circlet-Princess/,1.2,https://animethemes.moe/video/CircletPrincess-OP1v2.webm
BanG Dream! 2nd Season,Kizuna Music♪,https://anilist.co/anime/101633/BanG-Dream-2nd-Season/,,https://animethemes.moe/video/BangDreamS2-OP1.webm
BanG Dream! 2nd Season,BRAVE JEWEL,https://anilist.co/anime/101633/BanG-Dream-2nd-Season/,2,https://animethemes.moe/video/BangDreamS2-OP2.webm
Kouya no Kotobuki Hikoutai%The Magnificent Kotobuk,Sora no ne,https://anilist.co/anime/104253/Kouya-no-Kotobuki-Hikoutai/,,https://animethemes.moe/video/Kotobuki-OP1-NCBD1080.webm
Endro~!,Endro~ru!,https://anilist.co/anime/103301/Endro/,,https://animethemes.moe/video/Endro-OP1-NCBD1080.webm
Girly Air Force,Break the Blue!!,https://anilist.co/anime/101930/Girly-Air-Force/,,https://animethemes.moe/video/GirlyAirForce-OP1-NCBD1080.webm
Dimension High School,Here we go!,https://anilist.co/anime/104750/Dimension-High-School/,,https://animethemes.moe/video/DimensionHighSchool-OP1.webm
Bernuda Triangle: Colorful Pastrale,Wonderland Girl,https://anilist.co/anime/104102/Bermuda-Triangle-Colorful-Pastrale/,,https://animethemes.moe/video/BermudaTriangle-OP1.webm
"Watashi ni Tenshi ga Maiorita%WATATEN! An Angel Flew Down to Me
",Kimama na Tenshi-tachi,https://anilist.co/anime/102680/Watashi-ni-Tenshi-ga-Maiorita/,,https://animethemes.moe/video/Wataten-OP1-NCBD1080.webm
"Watashi ni Tenshi ga Maiorita%WATATEN! An Angel Flew Down to Me
",Kimama na Tenshi-tachi,https://anilist.co/anime/102680/Watashi-ni-Tenshi-ga-Maiorita/,1.2,https://animethemes.moe/video/Wataten-OP1v2-NCBD1080.webm
Pastel Memories,Believe in Sky,https://anilist.co/anime/101379/Pastel-Memories/,,https://animethemes.moe/video/PastelMemories-OP1.webm
Hinomaruzumou,Be the NAKED,https://anilist.co/anime/100990/HinomaruZumou/,2,https://animethemes.moe/video/HinomaruZumou-OP2.webm
Sword Art Online: Alicization,RESISTER,https://anilist.co/anime/100182/Sword-Art-Online-Alicization/,,https://animethemes.moe/video/SwordArtOnlineAlicization-OP2-NCBD1080.webm
Sword Art Online: Alicization,RESISTER,https://anilist.co/anime/100182/Sword-Art-Online-Alicization/,2.2,https://animethemes.moe/video/SwordArtOnlineAlicization-OP2v2-NCBD1080.webm
Kemono Friends 2,"Notteke! Japari Beat
",https://anilist.co/anime/99624/Kemono-Friends-2/,,https://animethemes.moe/video/KemonoFriendsS2-OP1-NCBD1080.webm
Grimms Notes The Animation,Innocent Notes,https://anilist.co/anime/103735/Grimms-Notes-The-Animation/,,https://animethemes.moe/video/GrimmsNotes-OP1-NCBD1080.webm
Kaguya-sama wa Kokurasetai: Tensai-tachi no Renai Zunousen%Kaguya-sama: Love is War,Love Dramatic,https://anilist.co/anime/101921/Kaguyasama-wa-Kokurasetai-Tensaitachi-no-Renai-Zunousen/,,https://animethemes.moe/video/KaguyaSamaWaKokurasetai-OP1-NCBD1080.webm
Boogiepop wa Warawanai%Boogiepop Never Learns,shadowgraph,https://anilist.co/anime/101283/Boogiepop-wa-Warawanai/,,https://animethemes.moe/video/BoogiepopWaWarawanai-OP1-NCBD1080.webm
Kemurikusa,KEMURIKUSA,https://anilist.co/anime/101123/Kemurikusa/,,https://animethemes.moe/video/Kemurikusa-OP1.webm
Kemurikusa,KEMURIKUSA,https://anilist.co/anime/101123/Kemurikusa/,1.2,https://animethemes.moe/video/Kemurikusa-OP1v2.webm
Kemurikusa,KEMURIKUSA,https://anilist.co/anime/101123/Kemurikusa/,1.3,https://animethemes.moe/video/Kemurikusa-OP1v3.webm
Tensei Shitara Slime Datta Ken%That Time I Got Reincarnated as a Slime,Meguru Mono,https://anilist.co/anime/101280/Tensei-Shitara-Slime-Datta-Ken/,2,https://animethemes.moe/video/Tensura-OP2-NCBD1080.webm
Kaze ga Tsuyoku Fuiteiru%Run With The Wind,"Kaze Tsuyoku, Kimi Atsuku
",https://anilist.co/anime/101903/Kaze-ga-Tsuyoku-Fuiteiru/,2,https://animethemes.moe/video/KazeGaTsuyokuFuiteiru-OP2.webm
"Gotoubun no Hanayome%The Quintessential Quintuplets
",Gotoubun no Kimochi,https://anilist.co/anime/103572/5Toubun-no-Hanayome/,,https://animethemes.moe/video/GotoubunNoHanayome-OP1-NCBD1080.webm
Mini Toji,Kono Bangumi wa Ura Wakaki Koumuin-tachi no Teikyou de Okuri Itashimasu,https://anilist.co/anime/105387/Mini-Toji/,,https://animethemes.moe/video/MiniToji-OP1-NCBD1080.webm
Puzzle & Dragon,Everybody GO!,https://anilist.co/anime/101424/PazuDora,1.2,https://animethemes.moe/video/PuzzleAndDragon-OP1v2.webm
Puzzle & Dragon,Hallelujahlujah,https://anilist.co/anime/101424/PazuDora,2,https://animethemes.moe/video/PuzzleAndDragon-OP2.webm
"Meiji Tokyo Renka
",Tsukiakari no Rhapsody,https://anilist.co/anime/99000/Meiji-Tokyo-Renka/,,https://animethemes.moe/video/MeijiTokyoRenka-OP1.webm
"Doukyonin wa Hiza, Tokidoki, Atama no Ue.%My Roommate is a Cat",Unknown World,https://anilist.co/anime/103874/Doukyonin-wa-Hiza-Tokidoki-Atama-no-Ue/,,https://animethemes.moe/video/Hizaue-OP1-NCBD1080.webm
Hulaing Babies,Hulaing Babies,https://anilist.co/anime/102928/Hulaing-Babies/,,https://animethemes.moe/video/HulaingBabies-OP1.webm
Date A Live III,I swear,https://anilist.co/anime/100722/Date-A-Live-III/,,https://animethemes.moe/video/DateALiveS3-OP1-NCBD1080.webm
Date A Live III,I swear,https://anilist.co/anime/100722/Date-A-Live-III/,1.2,https://animethemes.moe/video/DateALiveS3-OP1v2-NCBD1080.webm
Date A Live III,I swear,https://anilist.co/anime/100722/Date-A-Live-III/,1.3,https://animethemes.moe/video/DateALiveS3-OP1v3-NCBD1080.webm
Date A Live III,I swear,https://anilist.co/anime/100722/Date-A-Live-III/,1.4,https://animethemes.moe/video/DateALiveS3-OP1v4-NCBD1080.webm
Date A Live III,I swear,https://anilist.co/anime/100722/Date-A-Live-III/,1.5,https://animethemes.moe/video/DateALiveS3-OP1v5-NCBD1080.webm
Ame-iro Cocoa: Side G,Colorful Passage,https://anilist.co/anime/104712/Ameiro-Cocoa-sideG/,,https://animethemes.moe/video/AmeiroCocoaSideG-OP1.webm
"Gyakuten Saiban: Sono Shinjitsu, Igi Aru! Season 2%Ace Attorney Season 2",Reason,https://anilist.co/anime/101313/Gyakuten-Saiban-Sono-Shinjitsu-Igi-Ari-Season-2/,2,https://animethemes.moe/video/GyakutenSaibanS2-OP2.webm
W'z,Reason,https://anilist.co/anime/101337/Wz/,,https://animethemes.moe/video/Wz-OP1-NCBD1080.webm
"Domestic na Kanojo%Domestic Girlfriend
","Kawaki wo Ameku
",https://anilist.co/anime/103139/Domestic-na-Kanojo/,,https://animethemes.moe/video/DomesticNaKanojo-OP1.webm
"Ueno-san wa Bukiyou%How clumsy you are, Miss Ueno.
",Hirameki Heartbeat,https://anilist.co/anime/101773/Uenosan-wa-Bukiyou/,,https://animethemes.moe/video/UenoSanWaBukiyou-OP1-NCBD1080.webm
"Ueno-san wa Bukiyou%How clumsy you are, Miss Ueno.
",Hirameki Heartbeat,https://anilist.co/anime/101773/Uenosan-wa-Bukiyou/,1.2,https://animethemes.moe/video/UenoSanWaBukiyou-OP1v2.webm
Star Twinkle Precure,Kirari✫彡Star⭐Twinkle Precure,https://anilist.co/anime/105857/Star--Twinkle-Precure/,,https://animethemes.moe/video/StarTwinklePrecure-OP1.webm
Star Twinkle Precure,Kirari✫彡Star⭐Twinkle Precure,https://anilist.co/anime/105857/Star--Twinkle-Precure/,1.2,https://animethemes.moe/video/StarTwinklePrecure-OP1v2.webm
Star Twinkle Precure,Kirari✫彡Star⭐Twinkle Precure,https://anilist.co/anime/105857/Star--Twinkle-Precure/,1.3,https://animethemes.moe/video/StarTwinklePrecure-OP1v3.webm
Virtual-san ga Miteiru,AiAiAi,https://anilist.co/anime/106433/Virtualsan-wa-Miteiru/,,https://animethemes.moe/video/VirtualSanWaMiteiru-OP1.webm
Virtual-san ga Miteiru,Ai ga Kurinai,https://anilist.co/anime/106433/Virtualsan-wa-Miteiru/,,https://animethemes.moe/video/VirtualSanWaMiteiru-OP2.webm
Virtual-san ga Miteiru,Ai ga Kurinai,https://anilist.co/anime/106433/Virtualsan-wa-Miteiru/,2.2,https://animethemes.moe/video/VirtualSanWaMiteiru-OP2v2.webm
Fukigen na Mononokean Tsuzuku%The Morose Mononokean II,Long Time Traveller,https://anilist.co/anime/102949/Fukigen-na-Mononokean-Tsuzuki/,,https://animethemes.moe/video/FukigenNaMononokeanS2-OP1.webm
"Uchuu Senkan Yamato 2202%Star Blazers: Space Battleship Yamato 2202
",Uchuu Senkan Yamato 2202,https://anilist.co/anime/21730/Uchuu-Senkan-Yamato-2202-Ai-no-Senshitachi-Koshihen/,2,https://animethemes.moe/video/UchuuSenkanYamato2202-OP2.webm
"Puso Ni Comi%Phantasy Star Online 2 Comic
",Ni Co⭐mmunication,https://anilist.co/anime/109280/Puso-Ni-Comi/,,"https://www.youtube.com/watch?v=goDQMnZY4JM
"
Grisaia: Phantom Trigger The Animation,Gensou no Ranbu,https://anilist.co/anime/99470/Grisaia-Phantom-Trigger/,,https://animethemes.moe/video/GrisaiaPhantomTrigger-OP1.webm
Piano no Mori 2nd Season%Piano Forest 2nd Season,Umi e,https://anilist.co/anime/103049/Piano-no-Mori-2-TV/,,https://animethemes.moe/video/PianoNoMoriTVS2-OP1.webm
Precure Miracle Universe Movie,Precure! Kana Yell⭐Miracle,https://anilist.co/anime/106858/Eiga-Precure-Miracle-Universe/,,https://animethemes.moe/video/PrecureMiracleUniverse-OP1.webm
Oushitsu Kyoushi Heine Movie%The Royal Tutor Movie,Parallel na Kankei,https://anilist.co/anime/104286/Oushitsu-Kyoushi-Heine-Movie/,,
"Hora, Mimi ga Mieteru yo! 2%Look, I Can See Your Ears! 2
",Mimimimi⭐Puwappu,https://anilist.co/anime/107984/Wei-Kanjian-Maoerduo-La-2/,,https://files.catbox.moe/2akzcu.webm
Love Live! Sunshine!! The School Idol Movie: Over the Rainbow,Bokura no Hashittekita Michi wa…,https://anilist.co/anime/100965/Love-Live-Sunshine-The-School-Idol-Movie-Over-the-Rainbow/,,
Re:Stage! Dream Days♪,"Yes, We Are!!!",https://anilist.co/anime/103048/ReStage-Dream-Days/,,https://animethemes.moe/video/ReStageDreamDays-OP3.webm
Psycho-Pass: Sinners of the System Case.1 - Tsumi to Batsu,Abnormalize (Remixed by Masayuki Nakano),https://anilist.co/anime/102649/PSYCHOPASS-Sinners-of-the-System-Case-1-Tsumi-to-Batsu/,,https://animethemes.moe/video/PsychoPassSSCase1-OP1.webm
Psycho-Pass: Sinners of the System Case.2 - First Guardian,Abnormalize (Remixed by Masayuki Nakano),https://anilist.co/anime/104382/PSYCHOPASS-Sinners-of-the-System-Case-2-First-Guardian/,1.2,https://animethemes.moe/video/PsychoPassSSCase2-OP1.webm
"Psycho-Pass: Sinners of the System Case.3 - Onshuu no Kanata ni
",Abnormalize (Remixed by Masayuki Nakano),https://anilist.co/anime/104990/PSYCHOPASS-Sinners-of-the-System-Case-3-Onshuu-no-Kanata-ni-----/,1.3,https://animethemes.moe/video/PsychoPassSSCase3-OP1.webm
Assassins Pride,Share the Light,https://anilist.co/anime/104722/Assassins-Pride/,,https://animethemes.moe/video/AssassinsPride-OP1.webm
BEASTARS,Wild Side,https://anilist.co/anime/107660/BEASTARS/,,https://animethemes.moe/video/Beastars-OP1.webm
Chihayafuru 3,COLORFUL,https://anilist.co/anime/101215/Chihayafuru-3/,,https://animethemes.moe/video/ChihayafuruS3-OP1.webm
High Score Girl II,flash,https://anilist.co/anime/108581/High-Score-Girl-II/,,https://files.catbox.moe/er9trj.webm
Kabukicho Sherlock%Case File nº221: Kabukicho,CAPTURE,https://anilist.co/anime/103638/Kabukicho-Sherlock/,,https://animethemes.moe/video/KabukichouSherlock-OP1.webm
Psycho-Pass 3,Q-vism,https://anilist.co/anime/108307/PSYCHOPASS-3/,,https://animethemes.moe/video/PsychoPassS3-OP1.webm
Stand my Heroes: Piece of Truth,"Thought I Knew ft. ra'z, Hayes",https://anilist.co/anime/104158/Stand-My-Heroes-PIECE-OF-TRUTH/,,https://animethemes.moe/video/StandMyHeroes-OP1.webm
Tenka Hyakken: Meiji-kan e Youkoso%Tenka Hyakken: Welcome to the Meiji Hall!,"Aka, Hana wo Sakasete",https://anilist.co/anime/111400/Tenka-Hyakken-Meijikan-e-Youkoso/,,https://animethemes.moe/video/TenkaHyakken-OP1.webm
"Watashi, Nouryoku wa Heikinchi de tte itta yo ne!%Didn't I Say to Make My Abilities Average in the Next Life?!",Smile Skill = Suki Skill,https://anilist.co/anime/101227/Watashi-Nouryoku-wa-Heikinchi-de-tte-Itta-yo-ne/,,https://animethemes.moe/video/Noukin-OP1.webm
Enen no Shouboutai%Fire Force,MAYDAY,https://anilist.co/anime/105310/Enen-no-Shouboutai/,2,https://files.catbox.moe/yk5lsg.webm
Diamond no Ace: Act II,Ryuusei no Howl,https://anilist.co/anime/105749/Diamond-no-Ace-Act-II/,2,https://files.catbox.moe/qiyxk6.webm
City Hunter Movie: Shinjuku Private Eyes,Mr. Cool,https://anilist.co/anime/101345/City-Hunter-Shinjuku-Private-Eyes/,,https://animethemes.moe/video/CityHunterShinjukuPrivateEyes-OP1.webm
Soukyuu no Fafner: Dead Aggressor - The Beyond,THE BEYOND,https://anilist.co/anime/98056/Soukyuu-no-Fafner-The-Beyond/,,https://files.catbox.moe/phb3fp.webm
Pokemon (2019),1・2・3,https://anilist.co/anime/112153/Pocket-Monsters-2019/,,https://animethemes.moe/video/Pokemon2019-OP1.webm
Hoshiai no Sora%Stars Align,Suisou,https://anilist.co/anime/104052/Hoshiai-no-Sora/,,https://animethemes.moe/video/HoshiaiNoSora-OP1.webm